<?xml version='1.0' encoding='utf-8' standalone='yes' ?>
<map>
    <long name="DownloadDisplayMessageMillis" value="1762779543519" />
    <boolean name="firstAppStartWithUser" value="false" />
    <boolean name="shouldDownloadToSDCard" value="false" />
    <long name="LastLicenseMarkSyncMillis" value="1762793943520" />
    <boolean name="firstAppStartWithoutUser" value="false" />
    <long name="SyncPlayerSdkDownloadMillis" value="1762793943801" />
    <long name="RetryDisabledDownloadSyncMillis" value="1762779543519" />
    <long name="SyncPlayerSdkErrorStateMillis" value="1762779543519" />
    <boolean name="shouldSubscribeToAllTopics" value="false" />
    <long name="LastLicenseSyncMillis" value="1762779543519" />
    <long name="RefreshMetadataSyncTTLMillis" value="1763384343801" />
    <long name="QueueDownloadSyncMills" value="1762779543519" />
    <long name="com.amazon.communication.remotesetting.pref.LAST_SUCCESSFUL_SYNC" value="1762779541782" />
    <string name="PN_customer_vcr">IN</string>
    <long name="DeleteDownloadSyncMillis" value="1762779543519" />
    <string name="PN_subscription_prefs">[{&quot;topic&quot;:&quot;AIV_video_in_library&quot;,&quot;isSubscribed&quot;:false},{&quot;topic&quot;:&quot;AIV_video_recommendations&quot;,&quot;isSubscribed&quot;:false},{&quot;topic&quot;:&quot;AIV_new_feature&quot;,&quot;isSubscribed&quot;:false},{&quot;topic&quot;:&quot;AIV_offer&quot;,&quot;isSubscribed&quot;:false}]</string>
    <long name="LastLicenseRepairMillis" value="1762779543519" />
    <long name="DisabledDownloadSyncMillis" value="1762779543519" />
    <long name="com.amazon.communication.remotesetting.pref.LAST_SYNC_ATTEMPT" value="1762779541782" />
    <string name="PN_customer_id">amzn1.account.AETRWN7BGAI2E75Q6RZMJMP7UM3A</string>
    <long name="LastImagesDownloadSyncMillis" value="1762793943801" />
</map>
