<?xml version='1.0' encoding='utf-8' standalone='yes' ?>
<map>
    <string name="02065b19-c885-4ff2-9aee-297a16b92c64">{&quot;data&quot;:{},&quot;name&quot;:&quot;ss&quot;,&quot;session_id&quot;:&quot;803c782c-4c8b-402d-adf8-11d02994c0fc&quot;,&quot;time&quot;:1.760948292613E9}</string>
    <string name="1ae806ae-e62d-47e8-a32f-10ef5865bf1b">{&quot;data&quot;:{&quot;d&quot;:74},&quot;name&quot;:&quot;se&quot;,&quot;session_id&quot;:&quot;3148a0f9-1f52-4c11-bce0-21677c567b1c&quot;,&quot;time&quot;:1.760948448727E9}</string>
    <string name="527ed6ac-2d75-4dad-9427-2d8e8822195b">{&quot;data&quot;:{},&quot;name&quot;:&quot;ss&quot;,&quot;session_id&quot;:&quot;7507269f-f94c-45f7-96d4-2c90886722cc&quot;,&quot;time&quot;:1.760948282239E9}</string>
    <string name="72329715-6a03-4bcc-8691-08ca748dd58a">{&quot;data&quot;:{&quot;d&quot;:55},&quot;name&quot;:&quot;se&quot;,&quot;session_id&quot;:&quot;aaf3c5ad-532d-4840-b872-d7034e78b1cc&quot;,&quot;time&quot;:1.760948560731E9}</string>
    <string name="d67ca7bd-1e09-4b3b-98aa-544016d40d26">{&quot;data&quot;:{},&quot;name&quot;:&quot;ss&quot;,&quot;session_id&quot;:&quot;aaf3c5ad-532d-4840-b872-d7034e78b1cc&quot;,&quot;time&quot;:1.760948505456E9}</string>
    <string name="13b485ee-3376-410d-8c20-1825af973944">{&quot;data&quot;:{&quot;d&quot;:10},&quot;name&quot;:&quot;se&quot;,&quot;session_id&quot;:&quot;7507269f-f94c-45f7-96d4-2c90886722cc&quot;,&quot;time&quot;:1.7609482926E9}</string>
    <string name="730191ed-1817-4d5d-842f-0a616ddb93b2">{&quot;data&quot;:{&quot;d&quot;:10},&quot;name&quot;:&quot;se&quot;,&quot;session_id&quot;:&quot;803c782c-4c8b-402d-adf8-11d02994c0fc&quot;,&quot;time&quot;:1.760948302658E9}</string>
    <string name="8e15dfc7-d1e1-47ca-a3a4-89a22c27a0d6">{&quot;data&quot;:{},&quot;name&quot;:&quot;ss&quot;,&quot;session_id&quot;:&quot;3148a0f9-1f52-4c11-bce0-21677c567b1c&quot;,&quot;time&quot;:1.760948374403E9}</string>
</map>
