<?xml version='1.0' encoding='utf-8' standalone='yes' ?>
<map>
    <long name="fire-count" value="1" />
    <string name="last-used-date">2026-02-23</string>
    <long name="fire-global" value="1771852234838" />
    <set name="android-min-sdk/28 kotlin/2.1.21 device-brand/vivo fire-installations/18.0.0 fire-transport/18.2.0 fire-android/35 fire-core/21.0.0 android-installer/com.android.shell fire-core-ktx/21.0.0 fire-fcm/24.1.1 android-platform/ android-target-sdk/35 device-name/V2202 device-model/V2202">
        <string>2026-02-23</string>
    </set>
</map>
